[
  {
    "Activities": "Act_1_1",
    "Check": "Not Completed"
  },
  {
    "Activities": "Act_1_2",
    "Check": "Not Completed"
  },
  {
    "Activities": "Act_1_3",
    "Check": "Completed"
  },
  {
    "Activities": "Act_1_4",
    "Check": "Not Completed"
  },
  {
    "Activities": "Act_1_5",
    "Check": "Completed"
  },
  {
    "Activities": "Act_2_1",
    "Check": "Completed"
  },
  {
    "Activities": "Act_2_2",
    "Check": "Completed"
  },
  {
    "Activities": "Act_2_3",
    "Check": "Not Completed"
  },
  {
    "Activities": "Act_2_4",
    "Check": "Not Completed"
  },
  {
    "Activities": "Act_2_5",
    "Check": "Not Completed"
  },
  {
    "Activities": "Act_3_1",
    "Check": "Completed"
  },
  {
    "Activities": "Act_3_2",
    "Check": "Not Completed"
  },
  {
    "Activities": "Act_3_3",
    "Check": "Completed"
  },
  {
    "Activities": "Act_3_4",
    "Check": "Not Completed"
  },
  {
    "Activities": "Act_3_5",
    "Check": "Not Completed"
  },
  {
    "Activities": "Act_4_1",
    "Check": "Not Completed"
  },
  {
    "Activities": "Act_4_2",
    "Check": "Not Completed"
  },
  {
    "Activities": "Act_4_3",
    "Check": "Completed"
  },
  {
    "Activities": "Act_4_4",
    "Check": "Completed"
  },
  {
    "Activities": "Act_4_5",
    "Check": "Not Completed"
  }
]